<?xml version="1.0" encoding="UTF-8"?>
<project-private xmlns="http://www.netbeans.org/ns/project-private/1">
    <editor-bookmarks xmlns="http://www.netbeans.org/ns/editor-bookmarks/2" lastBookmarkId="0"/>
    <open-files xmlns="http://www.netbeans.org/ns/projectui-open-files/2">
        <group>
            <file>file:/D:/pbo/PrakPro/src/PrakPbo/ModelPesanan.java</file>
            <file>file:/D:/pbo/PrakPro/src/PrakPbo/ModelMember.java</file>
            <file>file:/D:/pbo/PrakPro/src/PrakPbo/ControlPesanan.java</file>
            <file>file:/D:/pbo/PrakPro/src/PrakPbo/ViewDPesanan.java</file>
            <file>file:/D:/pbo/PrakPro/src/PrakPbo/ControlMember.java</file>
            <file>file:/D:/pbo/PrakPro/src/PrakPbo/ViewUtama.java</file>
        </group>
    </open-files>
</project-private>
